image_name,text
capchasolver0.png,4866
capchasolver1.png,x1UT
capchasolver2.png,wpts
capchasolver3.png,2G2G
capchasolver4.png,5K5K
capchasolver5.png,9TGF
capchasolver7.png,4wVU
capchasolver8.png,JWQP
capchasolver9.png,7CMM
capchasolver10.png,0gLK
capchasolver11.png,8466
capchasolver12.png,X0DD
capchasolver13.png,8E8E
capchasolver14.png,a2JI
capchasolver15.png,LLLL
capchasolver16.png,L6AA
capchasolver17.png,8998
capchasolver18.png,3966
capchasolver19.png,GdVU
capchasolver20.png,NCIH
capchasolver21.png,1533
capchasolver22.png,L9CB
capchasolver23.png,4uUT
capchasolver24.png,C99C
capchasolver25.png,6666
capchasolver26.png,EzEz
capchasolver27.png,Oydd
capchasolver28.png,u2TS
capchasolver29.png,CfUT
capchasolver30.png,R0AA
capchasolver31.png,3aJJ
capchasolver32.png,M6BA
capchasolver33.png,NjNj
capchasolver34.png,7676
capchasolver35.png,g1LL
capchasolver36.png,S3CC
capchasolver37.png,2965
capchasolver38.png,jZbb
capchasolver39.png,N4AA
capchasolver40.png,8E8E
capchasolver41.png,2zVV
capchasolver42.png,2bJJ
capchasolver43.png,4xVV
capchasolver44.png,EyEy
capchasolver45.png,tLLt
capchasolver46.png,7676
capchasolver47.png,61QQ
capchasolver48.png,1qQQ
capchasolver49.png,2fLL
capchasolver50.png,z4WW
capchasolver51.png,L1L1
capchasolver52.png,xptt
capchasolver53.png,zbnn
capchasolver54.png,A77A
capchasolver55.png,Jzbb
capchasolver56.png,0B99
capchasolver57.png,sYff
capchasolver58.png,t6UU
capchasolver59.png,GRML
capchasolver60.png,PaYX
capchasolver61.png,5766
capchasolver62.png,y9YY
capchasolver63.png,f4MM
capchasolver64.png,P5CB
capchasolver65.png,oDZY
capchasolver66.png,KsKs
capchasolver67.png,AqYY
capchasolver68.png,pCZY
capchasolver69.png,f7ON
capchasolver70.png,3333
capchasolver71.png,Xncc
capchasolver72.png,j4OO
capchasolver73.png,J22J
capchasolver74.png,g6ON
capchasolver75.png,3OAA
capchasolver76.png,7TFE
capchasolver77.png,TFMM
capchasolver78.png,BFDD
capchasolver79.png,fxoo
capchasolver80.png,JXQQ
capchasolver81.png,9TGF
capchasolver82.png,nTaa
capchasolver83.png,Yiaa
capchasolver84.png,8G8G
capchasolver85.png,0nOO
capchasolver86.png,KjKZ
capchasolver87.png,6D6D
capchasolver88.png,M1M1
capchasolver89.png,eeee
capchasolver90.png,uGGu
capchasolver91.png,2F2F
capchasolver92.png,4rSS
capchasolver93.png,pzuu
capchasolver94.png,9ODD
capchasolver95.png,ifhg
capchasolver96.png,I11I
capchasolver97.png,0pPP
capchasolver98.png,b8MM
capchasolver99.png,PHLL
capchasolver100.png,0VCC
capchasolver101.png,gggg
capchasolver102.png,HSNM
capchasolver103.png,OhOh
capchasolver104.png,tXff
capchasolver105.png,3nQp
capchasolver106.png,jbff
capchasolver107.png,3wUU
capchasolver108.png,bOYX
capchasolver109.png,4aKJ
capchasolver110.png,baba
capchasolver111.png,c9NN
capchasolver112.png,GtGt
capchasolver113.png,bYYb
capchasolver114.png,2433
capchasolver115.png,eacc
capchasolver116.png,LkLk
capchasolver117.png,o9TT
capchasolver118.png,743
capchasolver119.png,3tTS
capchasolver120.png,clhg
capchasolver121.png,Zjbb
capchasolver122.png,Ywhh
capchasolver123.png,9tWV
capchasolver124.png,Y7HH
capchasolver125.png,7355
capchasolver126.png,3iNN
capchasolver127.png,7QDD
capchasolver128.png,5K5K
capchasolver129.png,6mRQ
capchasolver130.png,A99A
capchasolver131.png,FoFZ
capchasolver132.png,5qSS
capchasolver133.png,7WGG
capchasolver134.png,0iML
capchasolver135.png,1I1I
capchasolver136.png,3pRQ
capchasolver137.png,6pSS
capchasolver138.png,FtFt
capchasolver139.png,w9XX
capchasolver140.png,7WGG
capchasolver141.png,TQSR
capchasolver142.png,3755
capchasolver143.png,0rQQ
capchasolver144.png,MMMM
capchasolver145.png,6354
capchasolver146.png,9366
capchasolver147.png,3K3K
capchasolver148.png,IBFE
capchasolver149.png,MIKK
capchasolver150.png,F44F
capchasolver151.png,a5KK
capchasolver152.png,110
capchasolver153.png,pvss
capchasolver154.png,3544
capchasolver155.png,CYNN
capchasolver156.png,rWed
capchasolver157.png,vxww
capchasolver158.png,aFTS
capchasolver159.png,tGGt
capchasolver160.png,GcUU
capchasolver161.png,u0SR
capchasolver162.png,GtGt
capchasolver163.png,1744
capchasolver164.png,oVcb
capchasolver165.png,7043
capchasolver166.png,4iON
capchasolver167.png,4dLL
capchasolver168.png,5J5J
capchasolver169.png,6TEE
capchasolver170.png,1aII
capchasolver171.png,bETS
capchasolver172.png,1854
capchasolver173.png,fkih
capchasolver174.png,U5EE
capchasolver175.png,5C5C
capchasolver176.png,4WFE
capchasolver177.png,Tnaa
capchasolver178.png,5876
capchasolver179.png,5PCB
capchasolver180.png,r2RR
capchasolver181.png,3NAN
capchasolver182.png,2vTT
capchasolver183.png,Q1AA
capchasolver184.png,1854
capchasolver185.png,gEVV
capchasolver186.png,EWNN
capchasolver187.png,9366
capchasolver188.png,Qsbb
capchasolver189.png,OkOk
capchasolver190.png,ATKJ
capchasolver191.png,0pPP
capchasolver192.png,k9RR
capchasolver193.png,0743
capchasolver194.png,8255
capchasolver195.png,g3MM
capchasolver196.png,i8PQ
capchasolver197.png,KIJJ
capchasolver198.png,GCEE
capchasolver199.png,M22M
capchasolver200.png,EQKK
capchasolver201.png,3443
capchasolver202.png,k9RR
capchasolver203.png,fwon
capchasolver204.png,0oPO
capchasolver205.png,6987
capchasolver206.png,7oSS
capchasolver207.png,LrLr
capchasolver208.png,c1JJ
capchasolver209.png,m3PP
capchasolver210.png,2gML
capchasolver211.png,2vTT
capchasolver212.png,i9QQ
capchasolver213.png,CZON
capchasolver214.png,fkih
capchasolver215.png,ELIH
capchasolver216.png,U3DD
capchasolver217.png,YHQP
capchasolver218.png,wOcc
capchasolver219.png,bdcc
capchasolver220.png,K22K
capchasolver221.png,Hzaa
capchasolver222.png,JqqJ
capchasolver223.png,m1OO
capchasolver224.png,Z0EE
capchasolver225.png,1NN1
capchasolver226.png,RINM
capchasolver227.png,2XEE
capchasolver228.png,9687
capchasolver229.png,7QDD
capchasolver230.png,WaWa
capchasolver231.png,oUbb
capchasolver232.png,Y4GF
capchasolver233.png,GcUU
capchasolver234.png,6gON
capchasolver235.png,9155
capchasolver236.png,b1JI
capchasolver237.png,KFIH
capchasolver238.png,Owcc
capchasolver239.png,5133
capchasolver240.png,5RDC
capchasolver241.png,Z1FE
capchasolver242.png,z0UU
capchasolver243.png,7566
capchasolver244.png,tSdc
capchasolver245.png,PSRQ
capchasolver246.png,Nydc
capchasolver247.png,4tTT
capchasolver248.png,GhXW
capchasolver249.png,f1LK
capchasolver250.png,Pqaq
capchasolver251.png,1wTT
capchasolver252.png,ImIm
capchasolver253.png,01NN
capchasolver254.png,a0IH
capchasolver255.png,kllk
capchasolver256.png,&WGG
capchasolver257.png,fypo
capchasolver258.png,KNML
capchasolver259.png,9dON
capchasolver260.png,ZLSS
capchasolver261.png,o4RQ
capchasolver262.png,S5DD
capchasolver263.png,x7XW
capchasolver264.png,Uwff
capchasolver265.png,2wUT
capchasolver266.png,CULL
capchasolver267.png,6666
capchasolver268.png,9KBB
capchasolver269.png,xSfe
capchasolver270.png,0hLL
capchasolver271.png,B22B
capchasolver272.png,oEZZ
capchasolver273.png,9wXX
capchasolver274.png,jrnn
capchasolver275.png,FnZZ
capchasolver276.png,D44D
capchasolver277.png,3E3E
capchasolver278.png,HjYY
capchasolver279.png,Spba
capchasolver280.png,5OBB
capchasolver281.png,0fPO
capchasolver282.png,cedd
capchasolver283.png,8B8B
capchasolver284.png,7465
capchasolver285.png,9IAA
capchasolver286.png,0954
capchasolver287.png,GkYY
capchasolver288.png,z5XW
capchasolver289.png,lzss
capchasolver290.png,f7ON
capchasolver291.png,g7OO
capchasolver292.png,IJJI
capchasolver293.png,Xzii
capchasolver294.png,K3OO
capchasolver295.png,BnXX
capchasolver296.png,hWWl
capchasolver297.png,5WFF
capchasolver298.png,K33K
capchasolver299.png,D55D
capchasolver300.png,p6SS
capchasolver301.png,NjNj
capchasolver302.png,7nSR
capchasolver303.png,KiZZ
capchasolver304.png,MmMm
capchasolver305.png,9uWW
capchasolver306.png,rHHr
capchasolver307.png,e6NM
capchasolver308.png,rfll
capchasolver309.png,QWbZy
capchasolver310.png,2QBA
capchasolver311.png,nRRn
capchasolver312.png,BULK
capchasolver313.png,Xlbb
capchasolver314.png,I22I
capchasolver315.png,TBKK
capchasolver316.png,3654
capchasolver317.png,7RED
capchasolver318.png,eZZe
capchasolver319.png,jcWV
capchasolver320.png,v9Xw
capchasolver321.png,gRRg
capchasolver322.png,3jON
capchasolver323.png,dbcc
capchasolver324.png,TfTf
capchasolver325.png,C66C
capchasolver326.png,Ntaa
capchasolver327.png,k3OO
capchasolver328.png,PAIH
capchasolver329.png,a8ML
capchasolver330.png,7676
capchasolver331.png,SPRQ
capchasolver332.png,d1KJ
capchasolver333.png,3lPO
capchasolver334.png,IfXW
capchasolver335.png,b2JJ
capchasolver336.png,3RCB
capchasolver337.png,q2RQ
capchasolver338.png,s3SS
capchasolver339.png,urts
capchasolver340.png,5wVV
capchasolver341.png,5032
capchasolver342.png,MMMM
capchasolver343.png,e4ML
capchasolver344.png,3UDD
capchasolver345.png,5NBA
capchasolver346.png,kbgf
capchasolver347.png,5OBB
capchasolver348.png,W4FE
capchasolver349.png,3yVV
capchasolver350.png,HNKK
capchasolver351.png,6J6J
capchasolver352.png,V5FE
capchasolver353.png,3755
capchasolver354.png,4C4C
capchasolver355.png,4444
capchasolver356.png,ztww
capchasolver357.png,c9NN
capchasolver358.png,7144
capchasolver359.png,0844
capchasolver360.png,gplk
capchasolver361.png,0gLK
capchasolver362.png,iIYY
capchasolver363.png,6244
capchasolver364.png,w0TS
capchasolver365.png,C88C
capchasolver366.png,4kPO
capchasolver367.png,Q6DC
capchasolver368.png,1bJI
capchasolver369.png,8154
capchasolver370.png,lzss
capchasolver371.png,3333
capchasolver372.png,z2VV
capchasolver373.png,Z8II
capchasolver374.png,0000
capchasolver375.png,idKJ
capchasolver376.png,B119
capchasolver377.png,O1O1
capchasolver378.png,8888
capchasolver379.png,oxts
capchasolver380.png,U6FE
capchasolver381.png,ClXW
capchasolver382.png,2J2J
capchasolver383.png,N4AA
capchasolver384.png,wGGw
capchasolver385.png,v2TT
capchasolver386.png,4554
capchasolver387.png,G77G
capchasolver388.png,2N2N
capchasolver389.png,7777
capchasolver390.png,pyut
capchasolver391.png,pjmm
capchasolver392.png,n5RQ
capchasolver393.png,7254
capchasolver394.png,mIIm
capchasolver395.png,8vWW
capchasolver396.png,1xUT
capchasolver397.png,wMbb
capchasolver398.png,LPNN
capchasolver399.png,0F0F
capchasolver400.png,4aKJ
capchasolver401.png,xKba
capchasolver402.png,6877
capchasolver403.png,G11G
capchasolver404.png,7VGF
capchasolver405.png,9cNN
capchasolver406.png,KLLK
capchasolver407.png,w7WW
capchasolver408.png,J55J
capchasolver409.png,YfYf
capchasolver410.png,z4WW
capchasolver411.png,VALK
capchasolver412.png,FKIH
capchasolver413.png,9788
capchasolver414.png,agdd
capchasolver415.png,xyyx
capchasolver416.png,uuuu
capchasolver417.png,2aJI
capchasolver418.png,2rRR
capchasolver419.png,8ZII
capchasolver420.png,U7FF
capchasolver421.png,6A6A
capchasolver422.png,X6GG
capchasolver423.png,az4WW
capchasolver424.png,ViVi
capchasolver425.png,x3VU
capchasolver426.png,nmnm
capchasolver427.png,s5TT
capchasolver428.png,6G6G
capchasolver429.png,1aA99
capchasolver430.png,2543
capchasolver431.png,kNNk
capchasolver432.png,e3LL
capchasolver433.png,W5FF
capchasolver434.png,zDDz
capchasolver435.png,3VED
capchasolver436.png,0rQQ
capchasolver437.png,SmSm
capchasolver438.png,1J1J
capchasolver439.png,6uVU
capchasolver440.png,ourr
capchasolver441.png,oMMo
capchasolver442.png,5sTT
capchasolver443.png,0321
capchasolver444.png,JrJr
capchasolver445.png,eumm
capchasolver446.png,wuvv
capchasolver447.png,6eNM
capchasolver448.png,tjoo
capchasolver449.png,Sscc
capchasolver450.png,jRRj
capchasolver451.png,b1jI
capchasolver452.png,Rmpo
capchasolver453.png,sprq
capchasolver454.png,Mvba
capchasolver455.png,w9XX
capchasolver456.png,wDDw
capchasolver457.png,1643
capchasolver458.png,R6DD
capchasolver459.png,Vnbb
capchasolver460.png,d4LL
capchasolver461.png,VWWV
capchasolver462.png,J33J
capchasolver463.png,oJJo
capchasolver464.png,ISSI
capchasolver465.png,q8UT
capchasolver466.png,4F4F
capchasolver467.png,BQJI
capchasolver468.png,4cLK
capchasolver469.png,Y2FE
capchasolver470.png,wXhg
capchasolver471.png,m11m
capchasolver472.png,JdWW
capchasolver473.png,x8XX
capchasolver474.png,nUba
capchasolver475.png,ktpo
capchasolver476.png,1O1O
capchasolver477.png,meii
capchasolver478.png,Xlbb
capchasolver479.png,3122
capchasolver480.png,gATT
capchasolver481.png,18RR
capchasolver482.png,Wwgg
capchasolver483.png,5B5B
capchasolver484.png,8G8G
capchasolver485.png,nSan
capchasolver486.png,S1S1
capchasolver487.png,CEDD
capchasolver488.png,6033
capchasolver489.png,2543
capchasolver490.png,4976
capchasolver491.png,cynn
capchasolver492.png,4mQP
capchasolver493.png,q9UU
capchasolver494.png,k7QQ
capchasolver495.png,D11D
capchasolver496.png,1F1F
capchasolver497.png,RXUU
capchasolver498.png,N11N
capchasolver499.png,WJQP
